{"@class":"Light","id":{"uuid":"07C7860E-B411-4957-B6DF-F02F918B2056"},"lightType":"spot","color":{"values":[0.8274509906768799,0.1764705926179886,0.1764705926179886]},"intensity":5.0,"radius":5.0,"coneAngle":91.0,"prenumbra":2.0,"shadowType":"no","shadowSizeX":16.0,"shadowSizeY":16.0,"shadowResolutionX":1024.0,"shadowResolutionY":1024.0,"shadowDarkness":1.0,"shadowBias":0.5}