{"@class":"Light","id":{"uuid":"0C407AE4-7268-47E4-939D-D3D0D58C31AA"},"lightType":"point","color":{"values":[0.40784314274787905,0.6980392336845398,0.8784313797950745]},"intensity":2.0,"radius":5.0,"coneAngle":45.0,"prenumbra":1.0,"shadowType":"no","shadowSizeX":16.0,"shadowSizeY":16.0,"shadowResolutionX":1024.0,"shadowResolutionY":1024.0,"shadowDarkness":1.0,"shadowBias":0.5}