{"@class":"Light","id":{"uuid":"0C56B5C9-C628-40B2-87DE-0E379BD707FA"},"lightType":"spot","color":{"values":[0.8980392217636108,0.8784313797950745,0.40784314274787905]},"intensity":8.0,"radius":6.519999980926514,"coneAngle":13.08899974822998,"prenumbra":1.350000023841858,"shadowType":"pcf","shadowSizeX":16.0,"shadowSizeY":16.0,"shadowResolutionX":1024.0,"shadowResolutionY":1024.0,"shadowDarkness":1.0,"shadowBias":0.5}