{"@class":"Light","id":{"uuid":"16143261-4FF6-43CD-8495-0EF089222625"},"lightType":"point","color":{"values":[0.8980392217636108,0.7887235879898071,0.40784314274787905]},"intensity":2.0,"radius":3.0781149864196779,"coneAngle":45.0,"prenumbra":1.0,"shadowType":"no","shadowSizeX":16.0,"shadowSizeY":16.0,"shadowResolutionX":1024.0,"shadowResolutionY":1024.0,"shadowDarkness":1.0,"shadowBias":0.5}