{"@class":"Light","id":{"uuid":"1627FB14-59F6-4D4E-9D59-B259F1F482C8"},"lightType":"point","color":{"values":[0.7452964186668396,0.8273899555206299,0.8784313797950745]},"intensity":2.0,"radius":1.0923092365264893,"coneAngle":45.0,"prenumbra":1.0,"shadowType":"no","shadowSizeX":16.0,"shadowSizeY":16.0,"shadowResolutionX":1024.0,"shadowResolutionY":1024.0,"shadowDarkness":1.0,"shadowBias":0.5}