{"@class":"Light","id":{"uuid":"168E1D3E-2797-4733-AF5C-8CF0BFCA986F"},"lightType":"point","color":{"values":[0.8980392217636108,0.5058823823928833,0.5058823823928833]},"intensity":3.0,"radius":5.5,"coneAngle":45.0,"prenumbra":1.0,"shadowType":"no","shadowSizeX":16.0,"shadowSizeY":16.0,"shadowResolutionX":1024.0,"shadowResolutionY":1024.0,"shadowDarkness":1.0,"shadowBias":0.5}