{"@class":"Light","id":{"uuid":"17AD3E9C-D166-4027-B1E8-FFD6CEFE1F22"},"lightType":"point","color":{"values":[0.2836499512195587,0.36000609397888186,0.06536965072154999]},"intensity":3.0,"radius":7.0,"coneAngle":45.0,"prenumbra":1.0,"shadowType":"no","shadowSizeX":16.0,"shadowSizeY":16.0,"shadowResolutionX":1024.0,"shadowResolutionY":1024.0,"shadowDarkness":1.0,"shadowBias":0.5}