{"@class":"Light","id":{"uuid":"1EEE83E4-F729-4E67-B4C2-AE4594FDF8C0"},"lightType":"point","color":{"values":[0.7452964186668396,0.8273899555206299,0.8784313797950745]},"intensity":2.0,"radius":1.0923092365264893,"coneAngle":45.0,"prenumbra":1.0,"shadowType":"no","shadowSizeX":16.0,"shadowSizeY":16.0,"shadowResolutionX":1024.0,"shadowResolutionY":1024.0,"shadowDarkness":1.0,"shadowBias":0.5}