{"@class":"Light","id":{"uuid":"240ED8E2-EF6E-42F4-AB6C-8076F06F5B2F"},"lightType":"point","color":{"values":[0.8549019694328308,0.7189135551452637,0.5160753726959229]},"intensity":0.7400000095367432,"radius":3.0,"coneAngle":45.0,"prenumbra":1.0,"shadowType":"pcf","shadowSizeX":16.0,"shadowSizeY":16.0,"shadowResolutionX":1024.0,"shadowResolutionY":1024.0,"shadowDarkness":1.0,"shadowBias":0.5}