{"@class":"Light","id":{"uuid":"24CEFF31-C9D0-4B31-91A5-9450FBD99B77"},"lightType":"point","color":{"values":[0.8980392217636108,0.8784313797950745,0.40784314274787905]},"intensity":0.0,"radius":5.0,"coneAngle":45.0,"prenumbra":1.0,"shadowType":"no","shadowSizeX":16.0,"shadowSizeY":16.0,"shadowResolutionX":1024.0,"shadowResolutionY":1024.0,"shadowDarkness":1.0,"shadowBias":0.5}