{"@class":"Light","id":{"uuid":"311A10DE-4564-4CD0-A4C5-5FEDA0DD140D"},"lightType":"point","color":{"values":[0.5203326344490051,0.7411612272262573,0.878049910068512]},"intensity":10.0,"radius":14.726204872131348,"coneAngle":45.0,"prenumbra":1.0,"shadowType":"pcf","shadowSizeX":16.0,"shadowSizeY":16.0,"shadowResolutionX":1024.0,"shadowResolutionY":1024.0,"shadowDarkness":1.0,"shadowBias":0.5}