{"@class":"Light","id":{"uuid":"3323E604-9490-4C21-B6EA-19E859D868AA"},"lightType":"spot","color":{"values":[0.8980392217636108,0.8784313797950745,0.40784314274787905]},"intensity":23.0,"radius":8.520000457763672,"coneAngle":25.09000015258789,"prenumbra":0.699999988079071,"shadowType":"pcf","shadowSizeX":16.0,"shadowSizeY":16.0,"shadowResolutionX":1024.0,"shadowResolutionY":1024.0,"shadowDarkness":1.0,"shadowBias":0.5}