{"@class":"Light","id":{"uuid":"33944A05-AEE4-4A17-A9D9-B9995C9B57F5"},"lightType":"point","color":{"values":[0.8627451062202454,0.6366063952445984,0.21568627655506135]},"intensity":3.0,"radius":2.3890626430511476,"coneAngle":45.0,"prenumbra":1.0,"shadowType":"pcf","shadowSizeX":16.0,"shadowSizeY":16.0,"shadowResolutionX":1024.0,"shadowResolutionY":1024.0,"shadowDarkness":1.0,"shadowBias":0.5}