{"@class":"Light","id":{"uuid":"357F0091-01E1-43B8-89E6-D80DD4FE7CF3"},"lightType":"point","color":{"values":[0.29411765933036806,0.7843137383460999,0.12156862765550614]},"intensity":5.0,"radius":1.0,"coneAngle":45.0,"prenumbra":1.0,"shadowType":"pcf","shadowSizeX":16.0,"shadowSizeY":16.0,"shadowResolutionX":1024.0,"shadowResolutionY":1024.0,"shadowDarkness":1.0,"shadowBias":0.5}