{"@class":"Light","id":{"uuid":"359B6F33-0BE0-4B99-B59F-A5B3AD464E6E"},"lightType":"point","color":{"values":[0.8274509906768799,0.1764705926179886,0.1764705926179886]},"intensity":10.0,"radius":3.3066442012786867,"coneAngle":45.0,"prenumbra":1.0,"shadowType":"pcf","shadowSizeX":16.0,"shadowSizeY":16.0,"shadowResolutionX":1024.0,"shadowResolutionY":1024.0,"shadowDarkness":1.0,"shadowBias":0.5}