{"@class":"Light","id":{"uuid":"3AB9F10F-3829-4DBE-B736-B5D571D75CB9"},"lightType":"point","color":{"values":[0.8980392217636108,0.5058823823928833,0.5058823823928833]},"intensity":1.2000000476837159,"radius":9.202362060546875,"coneAngle":45.0,"prenumbra":1.0,"shadowType":"no","shadowSizeX":16.0,"shadowSizeY":16.0,"shadowResolutionX":1024.0,"shadowResolutionY":1024.0,"shadowDarkness":1.0,"shadowBias":0.5}