{"@class":"Light","id":{"uuid":"40EAD047-27C1-4EE3-9A93-85D7322CC15C"},"lightType":"point","color":{"values":[0.1568627506494522,0.9526054859161377,0.8470588326454163]},"intensity":1.0,"radius":6.5,"coneAngle":45.0,"prenumbra":1.0,"shadowType":"no","shadowSizeX":16.0,"shadowSizeY":16.0,"shadowResolutionX":1024.0,"shadowResolutionY":1024.0,"shadowDarkness":1.0,"shadowBias":0.5}