{"@class":"Light","id":{"uuid":"4B54094F-7047-49FE-8FD7-50FFA1959CEA"},"lightType":"point","color":{"values":[0.16681163012981416,0.42334631085395815,0.8784313797950745]},"intensity":50.0,"radius":10.0,"coneAngle":45.0,"prenumbra":1.0,"shadowType":"no","shadowSizeX":16.0,"shadowSizeY":16.0,"shadowResolutionX":1024.0,"shadowResolutionY":1024.0,"shadowDarkness":1.0,"shadowBias":0.5}