{"@class":"Light","id":{"uuid":"4D75BE3D-7593-47BB-968E-2A01F45BDF6B"},"lightType":"point","color":{"values":[0.9363698959350586,0.7601892352104187,0.5121690630912781]},"intensity":6.0,"radius":10.0,"coneAngle":45.0,"prenumbra":1.0,"shadowType":"no","shadowSizeX":16.0,"shadowSizeY":16.0,"shadowResolutionX":1024.0,"shadowResolutionY":1024.0,"shadowDarkness":1.0,"shadowBias":0.5}