{"@class":"Light","id":{"uuid":"50418BB5-82FE-4B5C-8BE6-2A88A7AD0CC0"},"lightType":"point","color":{"values":[0.40784314274787905,0.6980392336845398,0.7198901176452637]},"intensity":3.0,"radius":4.300000190734863,"coneAngle":45.0,"prenumbra":1.0,"shadowType":"pcf","shadowSizeX":16.0,"shadowSizeY":16.0,"shadowResolutionX":1024.0,"shadowResolutionY":1024.0,"shadowDarkness":1.0,"shadowBias":0.5}