{"@class":"Light","id":{"uuid":"50D88EB6-3B9D-4529-8A29-FCCA3157F059"},"lightType":"point","color":{"values":[0.9058823585510254,0.6941176652908325,0.3960784375667572]},"intensity":0.4000000059604645,"radius":2.0,"coneAngle":45.0,"prenumbra":1.0,"shadowType":"no","shadowSizeX":16.0,"shadowSizeY":16.0,"shadowResolutionX":1024.0,"shadowResolutionY":1024.0,"shadowDarkness":1.0,"shadowBias":0.5}