{"@class":"Light","id":{"uuid":"5F43613D-4A24-485A-A5B6-8AD8AB255419"},"lightType":"spot","color":{"values":[0.5060960054397583,0.8109102249145508,1.0]},"intensity":10.0,"radius":26.349367141723634,"coneAngle":74.73839569091797,"prenumbra":10.0,"shadowType":"no","shadowSizeX":16.0,"shadowSizeY":16.0,"shadowResolutionX":1024.0,"shadowResolutionY":1024.0,"shadowDarkness":1.0,"shadowBias":0.5}