{"@class":"Light","id":{"uuid":"606BE948-EC8D-4F2D-A94F-406A04680279"},"lightType":"point","color":{"values":[0.5524528622627258,0.7534752488136292,0.8784313797950745]},"intensity":25.0,"radius":20.0,"coneAngle":45.0,"prenumbra":1.0,"shadowType":"no","shadowSizeX":16.0,"shadowSizeY":16.0,"shadowResolutionX":1024.0,"shadowResolutionY":1024.0,"shadowDarkness":1.0,"shadowBias":0.5}