{"@class":"Light","id":{"uuid":"62BC1C09-28B1-4182-ABEC-22355F9A1F3D"},"lightType":"point","color":{"values":[0.8274509906768799,0.1764705926179886,0.1764705926179886]},"intensity":1.0,"radius":1.0923092365264893,"coneAngle":45.0,"prenumbra":1.0,"shadowType":"no","shadowSizeX":16.0,"shadowSizeY":16.0,"shadowResolutionX":1024.0,"shadowResolutionY":1024.0,"shadowDarkness":1.0,"shadowBias":0.5}