{"@class":"Light","id":{"uuid":"633DAFE0-E548-4653-994B-6190745B84BD"},"lightType":"spot","color":{"values":[0.8980392217636108,0.8784313797950745,0.40784314274787905]},"intensity":18.0,"radius":6.515999794006348,"coneAngle":14.08899974822998,"prenumbra":1.5,"shadowType":"pcf","shadowSizeX":16.0,"shadowSizeY":16.0,"shadowResolutionX":1024.0,"shadowResolutionY":1024.0,"shadowDarkness":1.0,"shadowBias":0.5}