{"@class":"Light","id":{"uuid":"711D3385-EADE-45E3-A9DC-C26723417558"},"lightType":"point","color":{"values":[0.8627451062202454,0.6366063952445984,0.21568627655506135]},"intensity":4.0,"radius":3.0,"coneAngle":45.0,"prenumbra":1.0,"shadowType":"pcf","shadowSizeX":16.0,"shadowSizeY":16.0,"shadowResolutionX":1024.0,"shadowResolutionY":1024.0,"shadowDarkness":1.0,"shadowBias":0.5}