{"@class":"Light","id":{"uuid":"76317B62-EDFF-4FD2-93D2-8DA0E54C9869"},"lightType":"spot","color":{"values":[0.8980392217636108,0.8784313797950745,0.40784314274787905]},"intensity":20.0,"radius":10.520000457763672,"coneAngle":8.08899974822998,"prenumbra":1.9700000286102296,"shadowType":"pcf","shadowSizeX":16.0,"shadowSizeY":16.0,"shadowResolutionX":1024.0,"shadowResolutionY":1024.0,"shadowDarkness":1.0,"shadowBias":0.5}