{"@class":"Light","id":{"uuid":"78FEE1F3-9FE1-4311-A48D-7C7F804EE210"},"lightType":"point","color":{"values":[0.8980392217636108,0.8784313797950745,0.505409300327301]},"intensity":1.0,"radius":0.40249374508857729,"coneAngle":45.0,"prenumbra":1.0,"shadowType":"no","shadowSizeX":16.0,"shadowSizeY":16.0,"shadowResolutionX":1024.0,"shadowResolutionY":1024.0,"shadowDarkness":1.0,"shadowBias":0.5}