{"@class":"Light","id":{"uuid":"7C1901FC-DAA3-487F-970D-2765C71093CA"},"lightType":"point","color":{"values":[0.7452964186668396,0.8273899555206299,0.8784313797950745]},"intensity":3.0,"radius":1.0,"coneAngle":45.0,"prenumbra":1.0,"shadowType":"no","shadowSizeX":16.0,"shadowSizeY":16.0,"shadowResolutionX":1024.0,"shadowResolutionY":1024.0,"shadowDarkness":1.0,"shadowBias":0.5}