{"@class":"Light","id":{"uuid":"7FCD564C-517A-40E5-ABC3-DB5FBE969223"},"lightType":"point","color":{"values":[0.8274509906768799,0.1764705926179886,0.1764705926179886]},"intensity":5.0,"radius":1.0,"coneAngle":45.0,"prenumbra":1.0,"shadowType":"no","shadowSizeX":16.0,"shadowSizeY":16.0,"shadowResolutionX":1024.0,"shadowResolutionY":1024.0,"shadowDarkness":1.0,"shadowBias":0.5}