{"@class":"Light","id":{"uuid":"890559F2-8816-4382-89EE-C63B8F813CC1"},"lightType":"point","color":{"values":[0.8274509906768799,0.1764705926179886,0.1764705926179886]},"intensity":5.0,"radius":1.0,"coneAngle":45.0,"prenumbra":1.0,"shadowType":"pcf","shadowSizeX":16.0,"shadowSizeY":16.0,"shadowResolutionX":1024.0,"shadowResolutionY":1024.0,"shadowDarkness":1.0,"shadowBias":0.5}