{"@class":"Light","id":{"uuid":"8C59A602-0B32-4430-90A1-F888F9C6EB51"},"lightType":"spot","color":{"values":[0.48358893394470217,0.6230564117431641,0.48439764976501467]},"intensity":3.0,"radius":18.0,"coneAngle":73.0,"prenumbra":5.0,"shadowType":"pcf","shadowSizeX":16.0,"shadowSizeY":16.0,"shadowResolutionX":1024.0,"shadowResolutionY":1024.0,"shadowDarkness":1.0,"shadowBias":0.5}