{"@class":"Light","id":{"uuid":"8D78C280-A939-4F9B-99CC-B715410B08A5"},"lightType":"point","color":{"values":[0.1445181965827942,0.27547112107276919,0.23013657331466676]},"intensity":3.0,"radius":5.0,"coneAngle":45.0,"prenumbra":1.0,"shadowType":"no","shadowSizeX":16.0,"shadowSizeY":16.0,"shadowResolutionX":1024.0,"shadowResolutionY":1024.0,"shadowDarkness":1.0,"shadowBias":0.5}