{"@class":"Light","id":{"uuid":"8D78C280-A939-4F9B-99CC-B715410B08A5"},"lightType":"point","color":{"values":[0.32370489835739138,0.616937518119812,0.5154345035552979]},"intensity":3.0,"radius":5.0,"coneAngle":45.0,"prenumbra":1.0,"shadowType":"no","shadowSizeX":16.0,"shadowSizeY":16.0,"shadowResolutionX":1024.0,"shadowResolutionY":1024.0,"shadowDarkness":1.0,"shadowBias":0.5}