{"@class":"Light","id":{"uuid":"998B0CC0-9A33-46DD-A8B4-FF67E079EB03"},"lightType":"point","color":{"values":[0.40784314274787905,0.6980392336845398,0.8784313797950745]},"intensity":0.0,"radius":2.3899495601654054,"coneAngle":45.0,"prenumbra":1.0,"shadowType":"no","shadowSizeX":16.0,"shadowSizeY":16.0,"shadowResolutionX":1024.0,"shadowResolutionY":1024.0,"shadowDarkness":1.0,"shadowBias":0.5}