{"@class":"Light","id":{"uuid":"9E941160-2D72-4174-B017-4E107F3EC9FF"},"lightType":"point","color":{"values":[0.8627451062202454,0.6366063952445984,0.21568627655506135]},"intensity":3.0,"radius":2.3890626430511476,"coneAngle":45.0,"prenumbra":1.0,"shadowType":"pcf","shadowSizeX":16.0,"shadowSizeY":16.0,"shadowResolutionX":1024.0,"shadowResolutionY":1024.0,"shadowDarkness":1.0,"shadowBias":0.5}