{"@class":"Light","id":{"uuid":"A3550451-EAAC-49A9-BE77-3D396287E8B6"},"lightType":"point","color":{"values":[0.8283970355987549,0.6150148510932922,0.9137254953384399]},"intensity":50.0,"radius":30.0,"coneAngle":45.0,"prenumbra":1.0,"shadowType":"no","shadowSizeX":16.0,"shadowSizeY":16.0,"shadowResolutionX":1024.0,"shadowResolutionY":1024.0,"shadowDarkness":1.0,"shadowBias":0.5}