{"@class":"Light","id":{"uuid":"AB6C87FD-D6DB-44AB-B8F0-8F98866122E6"},"lightType":"spot","color":{"values":[0.8549019694328308,0.6959182024002075,0.2207064926624298]},"intensity":4.0,"radius":7.0,"coneAngle":60.0,"prenumbra":1.5,"shadowType":"pcf","shadowSizeX":16.0,"shadowSizeY":16.0,"shadowResolutionX":1024.0,"shadowResolutionY":1024.0,"shadowDarkness":1.0,"shadowBias":0.5}