{"@class":"Light","id":{"uuid":"BA6EB29E-B41B-4252-A34F-0AE3A5AC2008"},"lightType":"spot","color":{"values":[0.8274509906768799,0.1764705926179886,0.1764705926179886]},"intensity":3.0,"radius":5.2805585861206059,"coneAngle":41.481998443603519,"prenumbra":1.0,"shadowType":"no","shadowSizeX":16.0,"shadowSizeY":16.0,"shadowResolutionX":1024.0,"shadowResolutionY":1024.0,"shadowDarkness":1.0,"shadowBias":0.5}