{"@class":"Light","id":{"uuid":"C094264A-13F9-4A2A-9CA0-456ECBF372D5"},"lightType":"spot","color":{"values":[0.41863125562667849,0.8509804010391235,0.7142137885093689]},"intensity":10.0,"radius":18.0,"coneAngle":88.0,"prenumbra":12.0,"shadowType":"pcf","shadowSizeX":16.0,"shadowSizeY":16.0,"shadowResolutionX":1024.0,"shadowResolutionY":1024.0,"shadowDarkness":1.0,"shadowBias":0.5}