{"@class":"Light","id":{"uuid":"C1207507-457A-4E85-8C9C-91FE04D97060"},"lightType":"point","color":{"values":[0.8549019694328308,0.7189135551452637,0.5160753726959229]},"intensity":2.0,"radius":4.0,"coneAngle":45.0,"prenumbra":1.0,"shadowType":"pcf","shadowSizeX":16.0,"shadowSizeY":16.0,"shadowResolutionX":1024.0,"shadowResolutionY":1024.0,"shadowDarkness":1.0,"shadowBias":0.5}