{"@class":"Light","id":{"uuid":"C904E956-AD79-4AED-8F71-439E6A232A15"},"lightType":"point","color":{"values":[0.8980392217636108,0.5058823823928833,0.5058823823928833]},"intensity":2.0,"radius":9.202362060546875,"coneAngle":45.0,"prenumbra":1.0,"shadowType":"no","shadowSizeX":16.0,"shadowSizeY":16.0,"shadowResolutionX":1024.0,"shadowResolutionY":1024.0,"shadowDarkness":1.0,"shadowBias":0.5}