{"@class":"Light","id":{"uuid":"CD286E24-2572-454A-B6E3-2D744A7F8EA7"},"lightType":"point","color":{"values":[0.8549019694328308,0.6941176652908325,0.21960784494876862]},"intensity":4.0,"radius":4.266749382019043,"coneAngle":45.0,"prenumbra":1.0,"shadowType":"no","shadowSizeX":16.0,"shadowSizeY":16.0,"shadowResolutionX":1024.0,"shadowResolutionY":1024.0,"shadowDarkness":1.0,"shadowBias":0.5}