{"@class":"Light","id":{"uuid":"CDDEA808-9269-4BDB-86EF-972EA7F37DBA"},"lightType":"point","color":{"values":[0.9058823585510254,0.6941176652908325,0.3960784375667572]},"intensity":0.4000000059604645,"radius":2.0,"coneAngle":45.0,"prenumbra":1.0,"shadowType":"no","shadowSizeX":16.0,"shadowSizeY":16.0,"shadowResolutionX":1024.0,"shadowResolutionY":1024.0,"shadowDarkness":1.0,"shadowBias":0.5}