{"@class":"Light","id":{"uuid":"D20CD081-0DC7-43C5-A5E5-3DFC635D5D85"},"lightType":"point","color":{"values":[0.8274509906768799,0.32280460000038149,0.32280460000038149]},"intensity":3.0,"radius":5.0,"coneAngle":45.0,"prenumbra":1.0,"shadowType":"pcf","shadowSizeX":16.0,"shadowSizeY":16.0,"shadowResolutionX":1024.0,"shadowResolutionY":1024.0,"shadowDarkness":1.0,"shadowBias":0.5}