{"@class":"Light","id":{"uuid":"D927F28F-D31C-4CD8-8FFD-FA151EAA80B0"},"lightType":"point","color":{"values":[0.8980392217636108,0.11709773540496826,0.11709773540496826]},"intensity":1.5,"radius":6.0,"coneAngle":45.0,"prenumbra":1.0,"shadowType":"no","shadowSizeX":16.0,"shadowSizeY":16.0,"shadowResolutionX":1024.0,"shadowResolutionY":1024.0,"shadowDarkness":1.0,"shadowBias":0.5}