{"@class":"Light","id":{"uuid":"DF9B799C-4DAF-4328-91C2-68035AFBB4C9"},"lightType":"point","color":{"values":[0.6980392336845398,0.6954299211502075,0.40784314274787905]},"intensity":0.5,"radius":3.299999952316284,"coneAngle":45.0,"prenumbra":1.0,"shadowType":"pcf","shadowSizeX":16.0,"shadowSizeY":16.0,"shadowResolutionX":1024.0,"shadowResolutionY":1024.0,"shadowDarkness":1.0,"shadowBias":0.5}