{"@class":"Light","id":{"uuid":"E0D256F0-EA79-4A4E-914D-2CDE1A3A6B5A"},"lightType":"spot","color":{"values":[0.8980392217636108,0.8784313797950745,0.40784314274787905]},"intensity":23.0,"radius":10.520000457763672,"coneAngle":8.08899974822998,"prenumbra":1.9700000286102296,"shadowType":"pcf","shadowSizeX":16.0,"shadowSizeY":16.0,"shadowResolutionX":1024.0,"shadowResolutionY":1024.0,"shadowDarkness":1.0,"shadowBias":0.5}