{"@class":"Light","id":{"uuid":"E73C3935-59F7-4E6A-AC66-A94F9893C1F5"},"lightType":"point","color":{"values":[0.11859311908483505,0.5871671438217163,0.8784313797950745]},"intensity":0.0,"radius":5.0,"coneAngle":45.0,"prenumbra":1.0,"shadowType":"no","shadowSizeX":16.0,"shadowSizeY":16.0,"shadowResolutionX":1024.0,"shadowResolutionY":1024.0,"shadowDarkness":1.0,"shadowBias":0.5}