{"@class":"Light","id":{"uuid":"F220242F-DF56-4064-83D4-7AD5A6D07D6E"},"lightType":"point","color":{"values":[0.3963378369808197,0.3165789246559143,0.3165789246559143]},"intensity":1.0,"radius":6.0,"coneAngle":45.0,"prenumbra":1.0,"shadowType":"no","shadowSizeX":16.0,"shadowSizeY":16.0,"shadowResolutionX":1024.0,"shadowResolutionY":1024.0,"shadowDarkness":1.0,"shadowBias":0.5}