{"@class":"Light","id":{"uuid":"F406A7C5-8C46-430B-908E-33095A1A18EE"},"lightType":"spot","color":{"values":[0.24171817302703858,0.5853666067123413,0.6079347133636475]},"intensity":1.0,"radius":19.0,"coneAngle":120.0,"prenumbra":12.0,"shadowType":"pcf","shadowSizeX":16.0,"shadowSizeY":16.0,"shadowResolutionX":1024.0,"shadowResolutionY":1024.0,"shadowDarkness":1.0,"shadowBias":0.5}