{"@class":"AudioSource","id":{"uuid":"167DF40E-FBE4-412C-908D-7A3E6759179B"},"volume":1.0,"volumeModulation":1.0,"pitch":1.0,"pitchModulation":1.0,"minDistance":7.7107696533203129,"maxDistance":9.627907752990723,"rollof":1,"panOverride":true}