{"@class":"AudioSource","id":{"uuid":"32A987B7-8A79-4B35-802D-210822F7DEC1"},"volume":1.0,"volumeModulation":1.0,"pitch":1.0,"pitchModulation":1.0,"minDistance":1.582402229309082,"maxDistance":4.879741668701172,"rollof":1,"panOverride":true}