{"@class":"AudioSource","id":{"uuid":"68EDB599-5313-43FB-B59F-C712CE0C826C"},"volume":1.0,"volumeModulation":1.0,"pitch":1.0,"pitchModulation":1.0,"minDistance":5.727682113647461,"maxDistance":6.344569683074951,"rollof":1,"panOverride":true}