{"@class":"AudioSource","id":{"uuid":"7A9E68D2-2FE4-43F0-AE93-F1738A22465C"},"volume":1.0,"volumeModulation":1.0,"pitch":1.0,"pitchModulation":1.0,"minDistance":4.641352653503418,"maxDistance":5.440489292144775,"rollof":1,"panOverride":true}