{"@class":"AudioSource","id":{"uuid":"B232E396-D484-4072-8861-2CE53C155CBB"},"volume":1.0,"volumeModulation":1.0,"pitch":1.0,"pitchModulation":1.0,"minDistance":5.727682113647461,"maxDistance":6.344569683074951,"rollof":1,"panOverride":true}