{"@class":"AudioSource","id":{"uuid":"E99A219F-58D5-491D-8281-B95E7CD04BE1"},"volume":1.0,"volumeModulation":1.0,"pitch":1.0,"pitchModulation":1.0,"minDistance":5.727682113647461,"maxDistance":6.344569683074951,"rollof":1,"panOverride":true}